approach,seed,last_f1,adaptations,mean_adaptation_delay,reuse_rate,mean_detection_delay,mean_f1,adaptation_gain,recovery_ratio,feature_efficiency
A Static,42,0.9751331003504916,0,,0.0,,0.685110406916114,0.0,,
B Retraining,42,0.9717765357005863,0,,0.0,419.0,0.6282572288426544,-0.05685317807345962,,
C SEEF without EAM,42,0.8334955525819477,4,1120.0,0.0,299.0,0.7815767250349992,0.09646631811888509,0.979376134726936,0.43489149708167424
D SEEF with EAM,42,0.8334955525819477,4,1040.0,0.25,299.0,0.792764279214248,0.10765387229813361,0.9793403696703242,0.438678219194616
E SEEF unconditioned,42,0.8334955525819477,4,1040.0,0.25,299.0,0.792764279214248,0.10765387229813361,0.9793403696703242,0.438678219194616
A Static,7,0.9690714289497635,0,,0.0,,0.6940319576828269,0.0,,
B Retraining,7,0.8965115843945753,0,,0.0,819.0,0.7087542823765324,0.01472232469370551,,
C SEEF without EAM,7,0.8244318590097583,4,1120.0,0.0,299.0,0.7817872036645459,0.08775524598171916,1.00882581206618,0.4399575717425672
D SEEF with EAM,7,0.8244318590097583,4,1040.0,0.25,299.0,0.7936835203534893,0.0996515626706626,1.0071656827473396,0.4394881172863697
E SEEF unconditioned,7,0.8244318590097583,4,1040.0,0.25,299.0,0.7936835203534893,0.0996515626706626,1.0071656827473396,0.4394881172863697
A Static,21,0.9709075897755144,0,,0.0,,0.6899002732413414,0.0,,
B Retraining,21,0.6114816327712906,0,,0.0,359.0,0.6892022524411103,-0.0006980208002311588,,
C SEEF without EAM,21,0.8254184529820296,4,1120.0,0.0,299.0,0.7893077520471318,0.09940747880579065,0.9966533479949986,0.4379116674483662
D SEEF with EAM,21,0.8254184529820296,4,1040.0,0.25,299.0,0.8001441272731861,0.11024385403184485,0.9990433712260918,0.44163498319914857
E SEEF unconditioned,21,0.8254184529820296,4,1040.0,0.25,299.0,0.8001441272731861,0.11024385403184485,0.9990433712260918,0.44163498319914857
